CASO,IDENTIFICACIÓN DEL EDIFICIO,DIRECCIÓN,TIPO DE ESPACIO,IDENTIFICACIÓN DEL ESPACIO,NOMBRE DEL ESPACIO,SEXO,BREVE BIOGRAFÍA,FORMALIDAD DEL NOMBRAMIENTO,FECHA DEL NOMBRAMIENTO,OBSERVACIONES
Facultad de Bellas Artes,Edificio Central,José Martí 3328,Otro (Especificar),Sala de Exposición,Sala de Exposiciones Miguel Ángel Pareja,Masculino,Miguel Ángel Pareja - https://es.wikipedia.org/wiki/Miguel_%C3%81ngel_Pareja,,,
Facultad de Bellas Artes,Ex Liceo Francés,Avd. 18 de Julio 1772,Otro (Especificar),Sala de Exposición,Sala de Exposición de Facultad de Artes,,,,,
Facultad de Bellas Artes,Edificio Central,José Martí 3328,Otro (Especificar),Salón de clase,Bombonera,,,,,"El nombre se debe a que el salón es vertical, pareciendo la estructura de un campo de fútbol. Fue el primer salón construido después de la dictadura. Se realizó en chapa y fueron los propios docentes los que lo levantaron."
INSTITUTO CONFUCIO,Edificio Central - Instituto Confucio,Av. Dr. Manuel Albo 2663,Edificio,Sede Central,Casa Lago,Masculino,"JUAN MARÍA LAGO

Nació en 1867 en el Avestruz, departamento de Treinta y Tres, lugar de donde es oriundo también Prudencio Vázquez y Vega.
Siendo estudiante participó en la Revolución del Quebracho, en defensa de la autonomía universitaria en contra del dictador Máximo Santos.
Se doctoró de abogado en el año 1899.
En 1901 fue designado presidente de la Juventud Colorada y del Club Libertad en el gran movimiento por la unificación del partido.
Fue uno de los políticos más independientes del Partido Colorado. 
Amigo inseparable de José Enrique Rodó, militaron juntos contra el batllismo, el vierismo y demás fracciones personalistas de dicho partido.
Como constituyente en 1916 propuso la forma de gobierno parlamentario y la creación de un nuevo poder del Estado: el Poder Electoral.
Entre otras iniciativas suyas figuran el ferrocarril Maldonado-Río Branco y la expropiación de las tierras marginales, de acuerdo con las teorías de don Andrés Lamas, para la creación de granjas-hogares.
En 1929 pugnó por la creación de un reformatorio y por otros cambios en el Derecho Penal y Penitenciario.
Fue miembro del directorio de la UTE, del cual fue destituido por el golpe de Estado del 31 de marzo de 1933.
Falleció el 1º de enero de 1936.                                                                                                                                         Referencia: Julio Lago / Juan María Lago, abogado del 900: contribución al estudio de su vida y de su época. Montevideo, 1967.","La Casa Lago fue una donación modal de la familia Lago a la UdelaR realizada en el año 1987, usufructuada por la Facultad de Humanidades y Ciencias de la Educación.",01/01/1987,El Instituto Confucio comparte el local con el Instituto de Lingüística de la Facultad de Humanidades y Ciencias de la Educación.
Facultad de Humanidades y Ciencias de la Educación,Edificio Central,Av. Uruguay 1695 - Planta Alta,Salón de Actos,Carlos Vaz Ferreira,Carlos Vaz Ferreira,Varón,,,,
Facultad de Humanidades y Ciencias de la Educación,Edificio Central,Av. Uruguay 1695 - Planta Alta,Salones comunes,Salón 07,Esteban García ,varón,,,,
Facultad de Humanidades y Ciencias de la Educación,Edificio Central,Av. Uruguay 1695 - Planta Alta,Salones comunes,Salón 08,Angel Rama ,Varón,,,,
Facultad de Humanidades y Ciencias de la Educación,Edificio Central,Av. Uruguay 1695 - Planta Alta,Salones comunes,Salón 09,Roberto Ibáñez,Varón,,,,
Facultad de Humanidades y Ciencias de la Educación,Edificio Central,Av. Uruguay 1695 - Planta Alta,Otro (Especificar),Egresados / Extensión / Enseñanza,Armin Schlaefring,Varón,,,,
Facultad de Humanidades y Ciencias de la Educación,Edificio Central,Av. Uruguay 1695 - Planta Alta,Salones comunes,Salón 11,Germán D´Elia,Varón,,,,
Facultad de Humanidades y Ciencias de la Educación,Edificio Central,Av. Uruguay 1695 - Planta Alta,Salones comunes,Salón 12,Esther de Cáceres,Mujer,,,,
Facultad de Humanidades y Ciencias de la Educación,Edificio Central,Av. Uruguay 1695 - Planta Alta,Salones comunes,Salón 13,Mario Sambarino,Varón,,,,
Facultad de Humanidades y Ciencias de la Educación,Edificio Central,Av. Uruguay 1695 - Planta Alta,Salones comunes,Salón 14,sin nombre,,,,,
Facultad de Humanidades y Ciencias de la Educación,Edificio Central,Av. Uruguay 1695 - Planta Alta,Salones comunes,Salón 05,Emilio Oribe,Varón,,,,
Facultad de Humanidades y Ciencias de la Educación,Edificio Central,Av. Uruguay 1695 - Planta Alta,Salones comunes,Salón 06,Bentancour Díaz,Varón,,,,
Facultad de Humanidades y Ciencias de la Educación,Edificio Central,Av. Uruguay 1695 - Entre Piso PB,Salones comunes,Salón 02,Paco Espínola,varón,,,,
Facultad de Humanidades y Ciencias de la Educación,Edificio Central,Av. Uruguay 1695 - Entre Piso PB,Salones comunes,Salón 03,José Luis Romero,varón,,,,
Facultad de Humanidades y Ciencias de la Educación,Edificio Central,Av. Uruguay 1695 - Entre Piso PB,Salones comunes,Salón 04,Eugenio Petit Muñoz,varón,,,,
Facultad de Humanidades y Ciencias de la Educación,Edificio Central,Av. Uruguay 1695 - Subsuelo,Salones comunes,Salón 01,José Bergamin,Varón,,,,
Facultad de Humanidades y Ciencias de la Educación,Edificio Central,Av. Uruguay 1695 - Subsuelo,Biblioteca,,Biblioteca Luce Fabre ,Mujer,,,,
Facultad de Humanidades y Ciencias de la Educación,Edificio Central,Av. Uruguay 1695 - Entre Piso,Salones comunes,,Sala Maggiolo,varón,,,,
Facultad de Humanidades y Ciencias de la Educación,Edificio Central,Av. Uruguay 1695 - Entre Piso,Salones comunes,,Sala Cassinoni,varón,,,,
Facultad de Humanidades y Ciencias de la Educación,Edificio Central,Av. Uruguay 1695,Edificio,CEIU,Luce Fabre y Lucía Sala,mujer,,,,
Facultad de Humanidades y Ciencias de la Educación,Edificio Central,Paysandú 1672,Otro (Especificar),Instituto de Antropología,Sin nombre,,,,,"el Instituto se encuentra en la Casa de Posgrados, llamada José Pedro Barrán. "
Facultad de Humanidades y Ciencias de la Educación,Lab. De Arq. y Ant.Bio.,Paysandú s/n,Edificio,Laboratorio,Sin nombre,,,,,La distribución espacial del laboratorio según sexo: ninguna mujere cuenta con un espacio propio y XXX tantos varones cuentan con espacio propios.  Las mujeres se concentran en espacios reducidos y compartidos. La distribución del espacio en cantidad de m2 y calidad de los espacios revela desigualdades.  (CONFIRMAR)
Facultad de Humanidades y Ciencias de la Educación,Casa de Posgrados,Paysandú 1672,Edificio,,José Pedro Barrán,varón,,,,
Facultad de Humanidades y Ciencias de la Educación,Instituto de Lingüística,Manuel Albo 2663,Edificio,,Casa Lago,varón,"JUAN MARÍA LAGO
Nació en 1867 en el Avestruz, departamento de Treinta y Tres, lugar de donde es oriundo también Prudencio Vázquez y Vega. Siendo estudiante participó en la Revolución del Quebracho, en defensa de la autonomía universitaria en contra del dictador Máximo Santos.Se doctoró de abogado en el año 1899.
En 1901 fue designado presidente de la Juventud Colorada y del Club Libertad en el gran movimiento por la unificación del partido. Fue uno de los políticos más independientes del Partido Colorado. Amigo inseparable de José Enrique Rodó, militaron juntos contra el batllismo, el vierismo y demás fracciones personalistas de dicho partido. Como constituyente en 1916 propuso la forma de gobierno parlamentario y la creación de un nuevo poder del Estado: el Poder Electoral.
Entre otras iniciativas suyas figuran el ferrocarril Maldonado-Río Branco y la expropiación de las tierras marginales, de acuerdo con las teorías de don Andrés Lamas, para la creación de granjas-hogares.
En 1929 pugnó por la creación de un reformatorio y por otros cambios en el Derecho Penal y Penitenciario. Fue miembro del directorio de la UTE, del cual fue destituido por el golpe de Estado del 31 de marzo de 1933. Falleció el 1º de enero de 1936.                                                                                                                                         Referencia: Julio Lago / Juan María Lago, abogado del 900: contribución al estudio de su vida y de su época. Montevideo, 1967.","La Casa Lago fue una donación modal de la familia Lago a la UdelaR realizada en el año 1987, usufructuada por la Facultad de Humanidades y Ciencias de la Educación.",01/01/1987,El Instituto de Lingüística de la Facultad de Humanidades y Ciencias de la Educación comparte el local con el Instituto Confucio. 
CENUR Noreste,Centro Universitario de Rivera,Ituzaingo 667,Edificio,,Sala Melita Hernández,Femenino,"Melita Hernández (7 de noviembre de 1933-Montevideo, 9 de octubre de 2018), fue una enfermera comunitaria y docente uruguaya.",Formal ,01/10/2012,
CENUR Noreste,Centro Universitario de Rivera,"Ruta 5 Guido Machado Brum, Km. 495",Biblioteca,,Biblioteca Abel Ayala,Masculino,Nacido en la ciudad de Rivera el 15 de noviembre de 1943. Desaparecido el 17 de julio de 1971. Funcionario en Servicio Policial de Asistencia Médica (Sanidad Policial) como encargado de relaciones y asesor con el grado de Agente de Segunda. (desde el 04/0,Formal,01/09/2018,
Facultad de Ciencias,Facultad de Ciencias,Igua 4225,Edificio,Sede universitaria de la Facultad de Ciencias en Malvín Norte,Mario Wschebor,Masculino,"Mario Israel Wschebor Wonsever (Montevideo, 3 de diciembre de 1939 - ibídem, 16 de septiembre de 2011) fue un matemático uruguayo de reconocida trayectoria científica a nivel nacional e internacional. En el terreno de la matemática, realizó importantes contribuciones en el área de la probabilidad y la estadística. Fue autor de numerosas publicaciones científicas, entre las que se destaca el libro Level Sets And Extrema Of Random Processes And Fields (Wiley, Reino Unido, 2009), en colaboración con Jean-Marc Azaïs.
Fue un destacado dirigente universitario, decano de la Facultad de Ciencias de la Universidad de la República en el período 1990-1997, luego de participar activamente en el proceso de su creación. Una importante contribución de esta período es el Documento de los cuatro decanos, en el que plantea la necesidad de la creación de un sistema nacional de educación.
Wschebor trabajó en el Centro de Matemática desde 2006.Mario Israel Wschebor Wonsever (Montevideo, 3 de diciembre de 1939 - ibídem, 16 de septiembre de 2011) fue un matemático uruguayo de reconocida trayectoria científica a nivel nacional e internacional. En el terreno de la matemática, realizó importantes contribuciones en el área de la probabilidad y la estadística. Fue autor de numerosas publicaciones científicas, entre las que se destaca el libro Level Sets And Extrema Of Random Processes And Fields (Wiley, Reino Unido, 2009), en colaboración con Jean-Marc Azaïs.
Fue un destacado dirigente universitario, decano de la Facultad de Ciencias de la Universidad de la República en el período 1990-1997, luego de participar activamente en el proceso de su creación. Una importante contribución de esta período es el Documento de los cuatro decanos, en el que plantea la necesidad de la creación de un sistema nacional de educación.
Wschebor trabajó en el Centro de Matemática desde 2006.","Exp. 241160-000286-11 - Atento a lo propuesto por el Consejo de la Facultad de Ciencias por resolución Nº 3 de 19/9/11 y a que se han cumplido los extremos previstos en la Ordenanza sobre Homenajes a Personas de 25/5/51, adherir calurosamente al homenaje que la referida Facultad realizará al Prof. Dr. Mario Wschebor a través de la nominación del Edificio Sede con su nombre, antecedentes que lucen en el distribuido Nº 717/11. (15 en 15)Exp. 241160-000286-11 - Atento a lo propuesto por el Consejo de la Facultad de Ciencias por resolución Nº 3 de 19/9/11 y a que se han cumplido los extremos previstos en la Ordenanza sobre Homenajes a Personas de 25/5/51, adherir calurosamente al homenaje que la referida Facultad realizará al Prof. Dr. Mario Wschebor a través de la nominación del Edificio Sede con su nombre, antecedentes que lucen en el distribuido Nº 717/11. (15 en 15)",19/09/2011,
Facultad de Ciencias,Facultad de Ciencias,Igua 4225 - Anexo Norte,Otro (Especificar),Pisos 1 y 2 Anexo Norte- Instituto de Química Biológica, Eugenio Prodanov,Masculino,,Consejo FCIEN - Resolucion N° 80 Respaldar con beneplácito la propuesta del Instituto de Química Biológica de colocar una placa recordatoria en homenaje al Profesor Emérito Dr. Eugenio Prodanov con motivo de cumplirse un año de su desaparición física que se descubriría en la realización del acto conmemorativo a su memoria que está organizando la S. U. de Biociencias y el PEDECIBA.Consejo FCIEN - Resolucion N° 80 Respaldar con beneplácito la propuesta del Instituto de Química Biológica de colocar una placa recordatoria en homenaje al Profesor Emérito Dr. Eugenio Prodanov con motivo de cumplirse un año de su desaparición física que se descubriría en la realización del acto conmemorativo a su memoria que está organizando la S. U. de Biociencias y el PEDECIBA.,03/09/2001,No se colocó la placa por dificultades para lograr costearla
Facultad de Ciencias,Facultad de Ciencias,Iguá 4225,Salón de Actos,Salón de Actos de la Facultad de Ciencias,Roberto Caldeyro-Barcia,Masculino,"Roberto Caldeyro Barcia (Montevideo, Uruguay, 26 de septiembre de 1921 - 2 de noviembre de 1996) fue un médico perinatólogo, docente e investigador uruguayo.
Descendiente de españoles e italianos, investigador científico y maestro de maestros. Fue el impulsor y el Director del Centro Latinoamericano de Perinatología, siendo también impulsor y director del Programa de Desarrollo de las Ciencias Básicas (PEDECIBA). Fue pionero en el mundo junto con el dóctor Hermógenes Álvarez en el desarrollo de la medicina perinatal. La actividad de Caldeyro fue documentada en el libro ""Roberto Caldeyro Barcia: el mandato de una vocación"".
Uruguay ha jugado un rol determinante en el surgimiento de la perinatología, gracias a las contribuciones centrales de estos dos investigadores. Ellos fueron en 1947 quienes establecieron un sistema de trazado con el objetivo de monitorear la presión intrauterina durante el embarazo, labor que hizo posible analizar y definir la contractilidad uterina durante el embarazo y el nacimiento, midiendo la intensidad y la frecuencia de las contracciones y el tono uterino. Esta investigación condujo al establecimiento de las ""Unidades Montevideo"" para cuantificar la actividad uterina, que son utilizadas en todo el mundo. Al respecto de la labor del doctor Roberto Caldeyro Barcia y el centro de investigación por él dirigido, el doctor Néstor Sala de la Facultad de Medicina de la Universidad de Buenos Aires expresó ""no existe ningún otro centro en el mundo que pueda impartir el tipo de enseñanza tan científica, básica y completa como lo hace este centro uruguayo. La excepcional calidad de los métodos empleados, así como la coordinación especial que existe entre la investigación original y sus aplicaciones a la clínica, son las razones que han motivado mi venida al uruguayo"". Caldeyro Barcia y Hermógenes Álvarez, en 1955, también desarrollaron un método para medir el efecto de las contracciones uterinas sobre el ritmo cardíaco fetal, que se convirtió luego en la base del monitoreo fetal, usado comúnmente para monitorear la respuesta del feto a las contracciones durante el trabajo de parto y para prevenir daños neurológicos resultantes de carencia de oxígeno.Roberto Caldeyro Barcia (Montevideo, Uruguay, 26 de septiembre de 1921 - 2 de noviembre de 1996) fue un médico perinatólogo, docente e investigador uruguayo.
Descendiente de españoles e italianos, investigador científico y maestro de maestros. Fue el impulsor y el Director del Centro Latinoamericano de Perinatología, siendo también impulsor y director del Programa de Desarrollo de las Ciencias Básicas (PEDECIBA). Fue pionero en el mundo junto con el dóctor Hermógenes Álvarez en el desarrollo de la medicina perinatal. La actividad de Caldeyro fue documentada en el libro ""Roberto Caldeyro Barcia: el mandato de una vocación"".
Uruguay ha jugado un rol determinante en el surgimiento de la perinatología, gracias a las contribuciones centrales de estos dos investigadores. Ellos fueron en 1947 quienes establecieron un sistema de trazado con el objetivo de monitorear la presión intrauterina durante el embarazo, labor que hizo posible analizar y definir la contractilidad uterina durante el embarazo y el nacimiento, midiendo la intensidad y la frecuencia de las contracciones y el tono uterino. Esta investigación condujo al establecimiento de las ""Unidades Montevideo"" para cuantificar la actividad uterina, que son utilizadas en todo el mundo. Al respecto de la labor del doctor Roberto Caldeyro Barcia y el centro de investigación por él dirigido, el doctor Néstor Sala de la Facultad de Medicina de la Universidad de Buenos Aires expresó ""no existe ningún otro centro en el mundo que pueda impartir el tipo de enseñanza tan científica, básica y completa como lo hace este centro uruguayo. La excepcional calidad de los métodos empleados, así como la coordinación especial que existe entre la investigación original y sus aplicaciones a la clínica, son las razones que han motivado mi venida al uruguayo"". Caldeyro Barcia y Hermógenes Álvarez, en 1955, también desarrollaron un método para medir el efecto de las contracciones uterinas sobre el ritmo cardíaco fetal, que se convirtió luego en la base del monitoreo fetal, usado comúnmente para monitorear la respuesta del feto a las contracciones durante el trabajo de parto y para prevenir daños neurológicos resultantes de carencia de oxígeno.","Consejo (Exp. Nº 01054) (1) Tomar conocimiento del encuentro de carácter científico organizado por el PEDECIBA en homenaje a su Director fundador Dr. Honoris Causa Roberto Caldeyro Barcia y en commemoracion delos 10 años de funcionamiento de dicho Programa, a realizarse los dias 10, 11 y 12 de noviembre próximos. (2) De acuerdo a la propuesta del Sr. Decano, determinar qeu el Salon de Actos del nuevo edificio de la Facultad de Ciencias lleve el nombre de Roberto Caldeyro Barcia, Director - Fundador del PEDECIBA colocando en el mismo una placa recordatoria.

                
Consejo (Exp. Nº 01054) (1) Tomar conocimiento del encuentro de carácter científico organizado por el PEDECIBA en homenaje a su Director fundador Dr. Honoris Causa Roberto Caldeyro Barcia y en commemoracion delos 10 años de funcionamiento de dicho Programa, a realizarse los dias 10, 11 y 12 de noviembre próximos. (2) De acuerdo a la propuesta del Sr. Decano, determinar qeu el Salon de Actos del nuevo edificio de la Facultad de Ciencias lleve el nombre de Roberto Caldeyro Barcia, Director - Fundador del PEDECIBA colocando en el mismo una placa recordatoria.

                
",15/09/1997,
"Facultad de Arquitectura, Diseño y Urbanismo","FADU, sede central",Br. Artigas 1031,Sala de reuniones,Sala de Consejo,Sala Prof. Horacio Acosta y Lara,Masculino,(1875-1966) Profesor y primer decano (1916-1922) de la Facultad. Miembro del Consejo Central Universitario (1916) y rector interino de la Universidad.,Placa,27/11/1967,
"Facultad de Arquitectura, Diseño y Urbanismo","FADU, sede central",Br. Artigas 1031,Biblioteca,Biblioteca,Arq. Leopoldo C. Artucio,Masculino,"(1903-1976) Arquitecto, profesor y decano de la Facultad, profesor Emérito de la Universidad de la República.",Placa,,
"Facultad de Arquitectura, Diseño y Urbanismo","FADU, sede central",Br. Artigas 1031,Aula Magna,Salón de Actos,Ernesto Che Guevara,Masculino,"(1928-1967) Médico, político, guerrillero, escritor, periodista y revolucionario comunista argentino nacionalizado cubano.",Cartel identificatorio,,
"Facultad de Arquitectura, Diseño y Urbanismo","FADU, sede central",Br. Artigas 1031,Salones comunes,Salón 10,Prof. Arq. Alberto Sayagues,Masculino,Profesor de Construcción y Estabilidad; y Consejero por el orden  docente en los años 50.,Placa,,
"Facultad de Arquitectura, Diseño y Urbanismo","FADU, sede central",Br. Artigas 1031,Salones comunes,Salón 6/7,Prof. Arq. Mariano Arana,Masculino,"(1933) Ex profesor de Facultad y arquitecto. Político, ex-Ministro del MVOTMA de Uruguay y ex Intendente de Montevideo.",Cartel identificatorio en puertas,13/09/2013,
"Facultad de Arquitectura, Diseño y Urbanismo",Aulario Faro,Senda Nelson Landoni 631,Edificio,Aulario Faro,Edificio Polifuncional José Luis Massera,Masculino,(1915) Ingeniero industrial y matemático uruguayo. ,-,,
"Facultad de Arquitectura, Diseño y Urbanismo","FADU, sede central",Br. Artigas 1031,Hall,Hall de acceso,Líber Arce,Masculino,"Estudiante de Arquitectura y de la Escuela de Protesis Dental, baleado en una manifestación frente a Facultad de Veterinaria, y que fallece el 14 de agosto de 1968.",Placa,,
"Facultad de Arquitectura, Diseño y Urbanismo","FADU, sede central",Br. Artigas 1031,Sala de reuniones,Sala de Profesores / Frente al acceso del Departamento de Administración de la Enseñanaza.,Fernando Del Mazo,Masculino,Funcionario T/A/S destacado. Se desempeñó en la Facultad de Arquitectura entre los años 1942 y 1974,Placa,,
"Facultad de Arquitectura, Diseño y Urbanismo","FADU, sede central",Br. Artigas 1031,Patio,Patio exterior,Patio Carré,Masculino,(1870-1941) Joseph Paul Adrien Carré arquitecto francés con destacada actuación en Uruguay. Profesor de la Facultad de Matemáticas y de la Facultad de Arquitectura.,Nombramiento informal / Denominación colectiva,,
"Facultad de Arquitectura, Diseño y Urbanismo","FADU, sede central",Br. Artigas 1031,Patio,Patio exterior,Patio Sarajevo,-,"Es la capital de Bosnia y Herzegovina. En 1914 el asesinato del archiduque Franz Ferdinand desencadenó la Primera Guerra Mundial. Se presume que este nombre se le dió pues en un período de nuestra facultad este patio se usó para acumular muebles y escombros, entre otros.",Nombramiento informal / Denominación colectiva,,
"Facultad de Arquitectura, Diseño y Urbanismo","FADU, sede central",Br. Artigas 1031,Salones comunes,Salón 11,La pecera,,Salón con grandes ventanales laterales que aportan transparencia.,Nombramiento informal / Denominación colectiva,,
"Facultad de Arquitectura, Diseño y Urbanismo","FADU, sede central",Br. Artigas 1031,Salones comunes,Salón 22,El gallinero,,"Salón que por mucho tiempo conto con un cerramiento superior de chapa, con mal acondicionamiento acustico y térmico.",Nombramiento informal / Denominación colectiva,,
"Facultad de Arquitectura, Diseño y Urbanismo",Museo Casa Vilamajó,Domigo Cullen 895,Edificio,Museo,Museo Casa Vilamajó,Masculino,(1894-1948) uno de los más reconocidos arquitectos uruguayos. Miembro del equipo de arquitectos consultores para realizar la Sede de la Organización de las Naciones Unidas en Nueva York junto con Le Corbusier y Oscar Niemeyer.,,,
"Facultad de Arquitectura, Diseño y Urbanismo","FADU, sede EUCD",Juan D. Jackson 1325,Edificio,Sede universitaria,"EUCD, sede Jackson",Masculino,(1833-1892) Juan Dámaso Jackson Errazquin fue un empresario y filántropo uruguayo,,,
"Facultad de Arquitectura, Diseño y Urbanismo","FADU, sede Talleres",Dr. Juan A. Rodriguez 1472 ,Edificio,Sede universitaria,Talleres EUCD / Talleres Rodríguez,Masculino,,Los Talleres toman el nombre de la calle.,,
"Facultad de Arquitectura, Diseño y Urbanismo","FADU, sede central",Br. Artigas 1031,Otro (Especificar),Escultura,Victoria de Samotracia,Femenino,"Escultura perteneciente a la escuela rodia del período helenístico. Se encuentra en el Museo del Louvre, París. Representa a Niké, la diosa alada de la victoria. ",Nombramiento informal / Denominación colectiva,,
"Facultad de Arquitectura, Diseño y Urbanismo","FADU, sede central",Br. Artigas 1031,Salones comunes,Salón Gremial Affarq (Affur - FADU),María Cristina Diaz Marrero,Femenino,(1950 - 2019) Funcionaria T/A/S destacada y dirigente gremial ejemplar. ,Placa,,
"Facultad de Arquitectura, Diseño y Urbanismo","FADU, sede central",Br. Artigas 1031,Otro (Especificar),Espacio Gremial CEDA,El CEDA,,"El Centro de Estudiantes de Arquitectura y Diseño es el organismo gremial que nuclea al estudiantado de la Facultad de Arquitectura, Diseño y Urbanismo, que integra la FEUU (Federación de Estudiantes Universitarios del Uruguay), fundado en 1918.",Cartelería,,
"Facultad de Arquitectura, Diseño y Urbanismo","FADU, sede central",Br. Artigas 1031,Otro (Especificar),Cantina,Canti,,Cantina gestionada por el CEDA,Cartelería,,
"Facultad de Arquitectura, Diseño y Urbanismo","FADU, sede central",Br. Artigas 1031,Otro (Especificar),Quiosco,Trazo,,Quiosco gestionado por el CEDA,Cartelería,,
"Facultad de Arquitectura, Diseño y Urbanismo","FADU, sede central",Br. Artigas 1031,Otro (Especificar),Local de impresiones,Impre,-,Local de impresiones gestionado por el CEDA,Cartelería,,
"Facultad de Arquitectura, Diseño y Urbanismo","FADU, sede central",Br. Artigas 1031,Otro (Especificar),Oficinas,Las logias,,Oficinas localizadas detras del salón de actos,Sin formalidad. Nombre en las llaves,,
"Facultad de Arquitectura, Diseño y Urbanismo",Casa Cravotto,Avda. Sarmiento 2360,Edificio,"Casa Museo, futura Sede Arquitectura Rifa",Casa Cravotto,Masculino,La casa-estudio fue realizada entre 1931 y 1932 por Mauricio Cravotto y es hoy Monumento Histórico Nacional. El equipamiento fue completado entre 1936 y 1946 diseñando por el propio Mauricio.,"Exp. Nº 030013-001272-19.

10/06/2020 Firma compra venta",,
"Facultad de Arquitectura, Diseño y Urbanismo",Casa Centenario,Sarmiento 234,Edificio,Sede universitaria,Centro de Posgrados Casa Centenario,-,Sede principal de las actividades del Sistema de Posgrado y Educación Permanente de FADU ,"
",23/10/2015,
Facultad de Ciencias Económicas y de Administración,Sede central,Gonzalo Ramírez 1926,Salones comunes,Salón 4,Prof. Carlos Real de Azua (Doc. Hon.Causa),Masculino,Profesor titular de la cátedra de Ciencia Política desde 5-8-1967 al 4-8-1974. Investigador asociado al Instituto de Economía desde 1969 al 1974. Título de Doctor Honoris Causa post- mortem de FCEA en 1991.,,01/01/1991,No se cuenta con datos más específicos en el sistema
Facultad de Ciencias Económicas y de Administración,Sede central,Gonzalo Ramírez 1926,Salones comunes,Salón 6,Prof. Daniel Buquet (Prof. Emérito),Masculino,http://fcea.edu.uy/informacion-general/breve-historia/academicos-destacados-2/614-daniel-buquet.html,Acta de sesión de fecha 13/04/2015,13/04/2015,
Facultad de Ciencias Económicas y de Administración,Sede central,Gonzalo Ramírez 1926,Salones comunes,Salón 7,Prof. Enrique Gagliardi Castro,Masculino,Profesor Adjunto Interino de la Cátedra de Banca y Negocios con el Exterior desde el 01-06-1989 al 11-09-1991. Profesor Adjunto Efectivo de la Cátedra de Banca y Negocios con el Exterior desde el 12-09-1991 al 31-12-1994. Profesor Titular Interino de la Cátedra Economía y Gestión Bancaria (ex Banca y Negocios con el exterior) desde el 01-01-1995 al 30-08-2000. Profesor Titular Efectivo de la Cátedra de Economía y Gestión Bancaria desde el 31-8-2000 al 28-02-2014. Profesor Titular Interino de la Maestría en Economía desde el 01-05-2006 al 28-02-2014. Profesor Titular Efectivo del Departamento de Economía desde el 01-03-2014 al 03-08-2017.,Resolución N° 42 del Consejo Sesión de fecha 18/03/2019,18/03/2019,
Facultad de Ciencias Económicas y de Administración,Sede central,Gonzalo Ramírez 1926,Aula Magna,Aula Magna,Prof. Cr. Israel Wonsewer,Masculino,http://historiasuniversitarias.edu.uy/biografia/wonsewer-leszcz-israel/,,01/01/1990,No se cuenta con datos en el sistema
Facultad de Ciencias Económicas y de Administración,Sede central,Gonzalo Ramírez 1926,Otro (Especificar),Sala del Consejo,Prof.Cr. Juan Carlos Dean,Masculino,http://fcea.edu.uy/informacion-general/breve-historia/academicos-destacados/427-juan-carlos-dean.html,Resolución N° 56 del Consejo Sesión de fecha 12/08/2004,12/08/2004,
Facultad de Ciencias Económicas y de Administración,IESTA,Eduardo Acevedo 1139,Sala de reuniones,,Sala Jorge Blanco y Alicia Bellagamba,Masculino y Femenino,Jorge Blanco fue Profesor Agregado Interino de la Cátedra de Cálculo y Probabilidad desde el 01-09-1985 al 31-08-1986. Profesor Titular Efectivo de Matemática Financiera y Actuarial desde el 26-05-1988 al 25-05-1995. Asistente Interino del Instituto de Estadística desde el 15-11-1985 hasta el 30-04-1986. Profesor Adjunto Interino de la cátedra de estadística desde el 01-09-1986 hasta el 03-10-1988. Profesor Agregado Interino de la Cátedra de Estadística desde el 04-10-1988 hasta el 01-02-1990. Profesor Titular de la Cátedra de Estadística I desde el 26-05-1990 hasta e 12-10-2002. Profesor Titular Interino del Instituto de Estadística desde el 01-02-1990 al 30-04-1993. Profesor Titular Efectivo del Instituto de Estadística desde el 27-05-1993 hasta el 12-10-2002. Alicia Bellagamba fue Ayudante Interina de la Cátedra de Estadística desde el 01-05-1987 hasta ek 22-10-1990. Asistente Interina de la Cátedra de Estadística desde el 23-10-1990 hasta el 05-06-1991. Profesora Adjunta Efectiva de la Cátedra de Estadística I desde el 06-06-1991 hasta el 12-10-2002.Ayudante Interina de la Cátedra de Matemática Financiera y Actuarial desde el 01-08-1988 hasta el 30-04-1990. Asistente Interina de la Cátedra de Matemática Financiera y Actuarial desde el 01-05-1989 hasta el 31-07-1990. Profesora Adjunta interina de la Cátedra de Matemática Financiera y Actuarial desde el 01-08-1990 hasta el 30-04-1992. Jorge Blanco fue Profesor Agregado Interino de la Cátedra de Cálculo y Probabilidad desde el 01-09-1985 al 31-08-1986. Profesor Titular Efectivo de Matemática Financiera y Actuarial desde el 26-05-1988 al 25-05-1995. Asistente Interino del Instituto de Estadística desde el 15-11-1985 hasta el 30-04-1986. Profesor Adjunto Interino de la cátedra de estadística desde el 01-09-1986 hasta el 03-10-1988. Profesor Agregado Interino de la Cátedra de Estadística desde el 04-10-1988 hasta el 01-02-1990. Profesor Titular de la Cátedra de Estadística I desde el 26-05-1990 hasta e 12-10-2002. Profesor Titular Interino del Instituto de Estadística desde el 01-02-1990 al 30-04-1993. Profesor Titular Efectivo del Instituto de Estadística desde el 27-05-1993 hasta el 12-10-2002. Alicia Bellagamba fue Ayudante Interina de la Cátedra de Estadística desde el 01-05-1987 hasta ek 22-10-1990. Asistente Interina de la Cátedra de Estadística desde el 23-10-1990 hasta el 05-06-1991. Profesora Adjunta Efectiva de la Cátedra de Estadística I desde el 06-06-1991 hasta el 12-10-2002.Ayudante Interina de la Cátedra de Matemática Financiera y Actuarial desde el 01-08-1988 hasta el 30-04-1990. Asistente Interina de la Cátedra de Matemática Financiera y Actuarial desde el 01-05-1989 hasta el 31-07-1990. Profesora Adjunta interina de la Cátedra de Matemática Financiera y Actuarial desde el 01-08-1990 hasta el 30-04-1992. ,Acta de sesión de fecha 06/10/2005,06/10/2005,
Facultad de información y Comunicación,Sede FIC,San Salvador 1944,Otro (Especificar),Sala de redacción (aula con computadoras),Julio Castro,Masculino,https://g.co/kgs/hsuiNe,,,"La denominación data de la época en que la FIC no existía como tal, viene dada desde la LICCOM."
Facultad de información y Comunicación,Sede FIC,San Salvador 1944,Hall,Entrada antigua del edificio (Asilo de Huérfanos y Expósitos que fue proyectado por el arquitecto Victor Rabú),Portal Rabú,Masculino,https://antviajera.online/portal-rabu-monumento-historico-nacional-de-uruguay-antviajeracomunicandolavida/,,,
Instituto Superior de Educación Física,ISEF Sede de Parque Batlle Prof. Alberto Langlade Montevideo ,Parque Batlle sin número.,Edificio,Sede de Parque Batlle,Profesor Alberto Langlade,varón,"Fuente: Dogliotti, Paola (2018a) “Educación/enseñanza del cuerpo en la formación del profesor de educación física en el Uruguay (1948-1970)” Tesis de Doctorado. Doctorado en Ciencias de la Educación. Facultad de Humanidades y Ciencias de la Educación. Universidad Nacional de la Plata. 380p. Disponible en: http://sedici.unlp.edu.ar/handle/10915/73914 o en: http://www.memoria.fahce.unlp.edu.ar/tesis/te.1667/te.1667.pdf Acceso: 5 abril 2020Alberto Langlade (1919 – 1980) fue profesor de Educación Física egresado del Curso para la Preparación de Profesores de Educación Física de la CNEF de Uruguay, luego llamado ISEF. Es de destacar que desde su formación de grado tuvo una trayectoria singular ya que el tercer año de su carrera, en 1945, lo cursó a través de una beca en el Instituto de Educación Física y Técnica de la Universidad de Santiago de Chile, año que obtiene el título al regresar de su beca, rindiendo examen de todas las asignaturas. En 1946 ingresa como ayudante de Gimnasia Práctica y Teoría de la Gimnasia a cargo del profesor Pedro de Hegedüs, quien se retira a fines de 1947 y desde 1948 a 1966 asume la titularidad. Ocupó a partir de 1948 el cargo de Secretario del Curso de Profesores de Educación Física y desde 1949 hasta 1966 que se jubila319, el cargo de Jefe de Estudios de ISEF. En 1949 concurre a la Segunda Lingiada de Gimnasia en Estocolmo donde cursa 4 meses de estudio en la GCI320. En 1952 inicia una vista sistemática a los centros especializados de Educación Física en Europa (Finlandia, Suecia, Dinamarca, Alemania, Holanda, Bélgica, Francia, Suiza, Inglaterra, Portugal e Italia)321. A través de su mediación varios profesores recién recibidos obtienen becas para estudiar en la GCI de Estocolmo y en la Escuela de Educación Física de Colonia, Alemania. Fue un profesor destacado a nivel nacional e internacional fundamentalmente por su obra en el campo de la gimnasia, si bien a nivel nacional ha tenido una destacada trayectoria profesional en el ámbito de la preparación física de selecciones de básquetbol y fútbol y en la dirección técnica de cuadros reconocidos en estos deportes. Entre 1952 y 1967 fue profesor de Gimnasia Especial en la Carrera de Fisioterapia de la Facultad de Medicina. En 1963 fue designado Profesor Extraordinario de la Facultad de Filosofía y Educación de la Universidad de Chile. Ha dictado cursos de posgrado y conferencias sobre las temáticas de la gimnasia y el entrenamiento deportivo a nivel internacional. El ISEF lleva su nombre a partir de la ley 16.086 del 18 de octubre de 1989322 (Uruguay, 1989). 319 Trabajó en el ISEF hasta el 31 de mayo de 1966 (López Ramírez, 1966b). 320 Instituto Central de Gimnasia, sigla en sueco, creado por Pedro Enrique Ling en 1813. Es de destacar que como producto de este viaje, escribió 4 libros con sus memorias, se encontraron 3, el último escrito con su esposa Nelly Rey de Langlade: Libro I Fiesta Internacional de Gimnasia; Libro III Cursos Internacionales de gimnasia. Campamento Internacional de Gimnasia; Libro IV Suecia Post Lingiada (Langlade, s/d; Langlade; Nelly Rey de Langlade, s/d). Se calcula que como la Lingiada sucedió en octubre los libros fueron confeccionados a su regreso en el año 1950. 321 No olvidar, como ya se consignó a inicios del capítulo uno, que fue destacada su actuación y exposición en el Primer Congreso Latino de Educación Física en Burdeos, según lo relata Julio J. Rodríguez, a la que ambos concurrieron. En ese entonces Langlade ya poseía un reconocimiento internacional en el tema de teoría de la gimnasia (CNEF, 1952b y c: 12 y 20). 322 Disponible en: http://www.parlamento.gub.uy/leyes/AccesoTextoLey.asp?Ley=16086&Anchor= 217 Entre sus principales obras editadas se destacan: Teoría General de la Gimnasia323, Buenos Aires, Stadium, 1970 (en coautoría con su esposa Nelly Rey de Langlade324); Gimnasia Especial Correctiva, Buenos Aires: Stadium, 1966; Actividades físicas programadas en la rehabilitación de algunas cardiopatías, Buenos Aires: Stadium, 1976 (en coatoría con Nelly Rey de Langlade); Fútbol. Entrenamiento Para La Alta Competencia, Buenos Aires: Stadium, 1976. Por otra parte, son de destacar las siguientes dos obras monográficas: Gimnasia Moderna, trabajo presentado para optar por el título de Profesor Extraordinario en Teoría de la Gimnasia en la Universidad de Chile, Montevideo, abril 1960; Teoría de la Gimnasia. Tesis de graduación editada por la CNEF, con presentación de Julio J. Rodríguez en noviembre 1947 y prólogo de Pedro De Hegedüs. Ha publicado múltiples artículos en revistas nacionales y extranjeras y una gran cantidad de manuales de estudio para los estudiantes de ISEF en el área de la gimnasia325",Ley N° 16.086 ,18/10/1989,
Instituto Superior de Educación Física,ISEF Sede de Malvín Norte Prof.Irene Preobrayensky Montevideo,Rambla Euskal Erria 4095,Edificio,Sede de Malvín Norte,Profesora Irene Preobrayensky,mujer,"Fuente: Ana Torrón y Andrés Torrón, hija (y docente de ISEF) e hijo de la Profesora Irene Preobrayensky a quienes les agradecemos el trabajo. Elaboraron la biografía a los efectos de incluirla en el proyecto Nomenclator Universitario. Setiembre de 2020.   
Irene Preobrayensky (Montevideo, 1934-2015)

Nació en Montevideo en el año 1934 de padres de nacionalidad rusa. Vivió su infancia en el barrio Colón junto a su hermana Marina. Se casó en 1964 con José Torrón, con quien tuvo dos hijos Andrés y Ana Torrón.

Cursó el profesorado en educación física en el Instituto Superior de Educación Física (ISEF), donde ingresó en 1950 con 16 años. Egresó en 1952 y en 1954 presenta su tesis, obteniendo su título de profesora. 
Entre 1961 y 1963 cursó la licenciatura en Fisioterapia en la Escuela de Tecnología Médica de la Universidad de la República. 
A partir del año 1960 y hasta 1991 se desempeñó como profesora adjunta, grado 3, y entre 1992 y 1995 como profesora agregada, grado 4. 
Fue la  primera  coordinadora  de  la  Carrera de Fisioterapia de la Escuela Universitaria de Tecnología Médica, cargo que ejerció entre 1985 y 1993. Fue miembro fundador de la Asociación de Fisioterapeutas del Uruguay.

Tuvo una larga trayectoria dentro de la Comisión Nacional de Educación Física, obteniendo el primer puesto como Inspectora en 1984, como Subdirectora de Departamento en 1986 y como Directora de Departamento en 1994.
Entre los años 1988 y 1995 se desempeñó como Jefa de Estudios de ISEF. Entre los años 2003 y 2012 ocupó el cargo de Encargada del Área Biológica de la Licenciatura de Educación Física de Montevideo y en 2010 también ocupó el cargo de Encargada de la Licenciatura de ISEF.

Desempeñó cargos de cogobierno en ambos servicios universitarios y en especial fue delegada por el orden docente a la Comisión de Reestructura de ISEF entre 2006 y 2010. 

Su tarea fue muy importante en varios momentos claves del ISEF. Colaboró en la reorganización y las transformaciones del Instituto luego de la dictadura como Jefa de Estudio y en la descentralización del ISEF, especialmente en la región noroeste. 
Tuvo un rol protagónico en la transformación de ISEF en una institución universitaria.

En 2006 publicó el libro “Actividad Física: Nuevas Perspectivas” (Dunken, Argentina) junto al Dr. Yamandú Gillman.

Pese a jubilarse nunca abandonó su actividad académica. En sus últimos años se dedicó a viajar por el mundo, a escribir narrativa y poesía (editó el libro de cuentos y poesía “Vivencias” en 2014) y a ser parte fundamental en la vida de sus nietos Lucía, Felipe, Paulina y Luca. 
Fuente: Ana Torrón y Andrés Torrón, hija (y docente de ISEF) e hijo de la Profesora Irene Preobrayensky a quienes les agradecemos el trabajo. Elaboraron la biografía a los efectos de incluirla en el proyecto Nomenclator Universitario. Setiembre de 2020.   
Irene Preobrayensky (Montevideo, 1934-2015)

Nació en Montevideo en el año 1934 de padres de nacionalidad rusa. Vivió su infancia en el barrio Colón junto a su hermana Marina. Se casó en 1964 con José Torrón, con quien tuvo dos hijos Andrés y Ana Torrón.

Cursó el profesorado en educación física en el Instituto Superior de Educación Física (ISEF), donde ingresó en 1950 con 16 años. Egresó en 1952 y en 1954 presenta su tesis, obteniendo su título de profesora. 
Entre 1961 y 1963 cursó la licenciatura en Fisioterapia en la Escuela de Tecnología Médica de la Universidad de la República. 
A partir del año 1960 y hasta 1991 se desempeñó como profesora adjunta, grado 3, y entre 1992 y 1995 como profesora agregada, grado 4. 
Fue la  primera  coordinadora  de  la  Carrera de Fisioterapia de la Escuela Universitaria de Tecnología Médica, cargo que ejerció entre 1985 y 1993. Fue miembro fundador de la Asociación de Fisioterapeutas del Uruguay.

Tuvo una larga trayectoria dentro de la Comisión Nacional de Educación Física, obteniendo el primer puesto como Inspectora en 1984, como Subdirectora de Departamento en 1986 y como Directora de Departamento en 1994.
Entre los años 1988 y 1995 se desempeñó como Jefa de Estudios de ISEF. Entre los años 2003 y 2012 ocupó el cargo de Encargada del Área Biológica de la Licenciatura de Educación Física de Montevideo y en 2010 también ocupó el cargo de Encargada de la Licenciatura de ISEF.

Desempeñó cargos de cogobierno en ambos servicios universitarios y en especial fue delegada por el orden docente a la Comisión de Reestructura de ISEF entre 2006 y 2010. 

Su tarea fue muy importante en varios momentos claves del ISEF. Colaboró en la reorganización y las transformaciones del Instituto luego de la dictadura como Jefa de Estudio y en la descentralización del ISEF, especialmente en la región noroeste. 
Tuvo un rol protagónico en la transformación de ISEF en una institución universitaria.

En 2006 publicó el libro “Actividad Física: Nuevas Perspectivas” (Dunken, Argentina) junto al Dr. Yamandú Gillman.

Pese a jubilarse nunca abandonó su actividad académica. En sus últimos años se dedicó a viajar por el mundo, a escribir narrativa y poesía (editó el libro de cuentos y poesía “Vivencias” en 2014) y a ser parte fundamental en la vida de sus nietos Lucía, Felipe, Paulina y Luca. 
","FECHA 16 DE MAYO DE 2017, (Exp. 008100-001071-15) - Atento a lo propuesto por la Comisión Directiva del Instituto Superior de Educación Física en sesión de 28 de abril pasado (Res. N° 33) y a que se han cumplido los extremos previstos en la Ordenanza de Homenajes a Personas de 25/5/51, adherir al homenaje que el ISEF realizará a la ex docente de ése y de la Facultad de Medicina, fallecida el 19 de julio de 2015, Profesora Irene Preobrayensky Smolovik, a través de la colocación de una Placa recordatoria en la nueva Sede del Instituto ubicada en la zona de Malvín Norte, antecedentes que lucen en el distribuido N° 354.17. (17 en 17)  http://www.expe.edu.uy/expe/resoluci.nsf/005902af28c9e37f83257c5b00775129/edf06bfe6cd7e30603258114005b00ba?OpenDocument Repartido
Comisión Directiva Instituto Superior de Educación Física
Sesión Ordinaria del 28/04/2017
Hora 07:30
RESOLUCIONES ADOPTADAS POR LA
COMISIÓN DIRECTIVA INSTITUTO SUPERIOR DE EDUCACIÓN FÍSICA
EN SESION ORDINARIA DE 28 DE ABRIL DE 2017
ASISTEN A LA SESION LOS CONSEJEROS:
DIRECTORA: Mag. Paola Dogliotti, ORDEN DOCENTE: Prof. Claudia Fernández, Lic. Gonzalo Pérez, ORDEN ESTUDIANTIL: Martina Pastorino, Martín Olivera, AFFUR - ISEF: María José Nieto, Actúa en Secretaría: Jefe de Sección de Secretaría de Comisión Directiva: Felicia Hernández, Director de Dpto.: Francisco Saldombide.        (Exp. Nº 008100-001071-15) - VISTO: la propuesta de homenaje efectuada en obrados respecto de la Profesora Irene PREOBRAYENSKY SMOLOVIK.
RESULTANDO: I) Que oportunamente se propuso por esta Dirección homenajear a la precitada Docente en ocasión de la inauguración de la nueva Sede ubicada en Malvín Norte.
II) Que según consta en obrados (fs. 6 y 7) Dirección General Jurídica efectuó determinadas observaciones respecto del presente trámite.
III) Que en tal sentido, las mismas consistieron en requerir una relación circunstanciada de méritos debidamente ampliada, debiéndose agregar los respaldos documentales pertinentes.
CONSIDERANDO: I) Que conforme emerge de fojas 8 se procedió a la agregación de la relación circunstanciada requerida, ampliatoria de la obrante de fojas 1 a 5.
II) Que asimismo, se agregaron los respaldos documentales correspondientes, los cuales dan cuenta de la dilatada trayectoria académica de la Prof. Irene Preobrayensky.
ATENTO: a lo dispuesto en la Ordenanza sobre homenajes a personas, de fecha 25/05/1951
la Comisión Directiva del Instituto Superior de Educación Física resuelve: proponer al Consejo Directivo Central, la colocación de una placa en la Sede ISEF Malvín Norte, en homenaje a la Profesora Irene PREOBRAYENSKY SMOLOVIK.
Pase al Consejo Directivo Central. (5 en 5)FECHA 16 DE MAYO DE 2017, (Exp. 008100-001071-15) - Atento a lo propuesto por la Comisión Directiva del Instituto Superior de Educación Física en sesión de 28 de abril pasado (Res. N° 33) y a que se han cumplido los extremos previstos en la Ordenanza de Homenajes a Personas de 25/5/51, adherir al homenaje que el ISEF realizará a la ex docente de ése y de la Facultad de Medicina, fallecida el 19 de julio de 2015, Profesora Irene Preobrayensky Smolovik, a través de la colocación de una Placa recordatoria en la nueva Sede del Instituto ubicada en la zona de Malvín Norte, antecedentes que lucen en el distribuido N° 354.17. (17 en 17)  http://www.expe.edu.uy/expe/resoluci.nsf/005902af28c9e37f83257c5b00775129/edf06bfe6cd7e30603258114005b00ba?OpenDocument Repartido
Comisión Directiva Instituto Superior de Educación Física
Sesión Ordinaria del 28/04/2017
Hora 07:30
RESOLUCIONES ADOPTADAS POR LA
COMISIÓN DIRECTIVA INSTITUTO SUPERIOR DE EDUCACIÓN FÍSICA
EN SESION ORDINARIA DE 28 DE ABRIL DE 2017
ASISTEN A LA SESION LOS CONSEJEROS:
DIRECTORA: Mag. Paola Dogliotti, ORDEN DOCENTE: Prof. Claudia Fernández, Lic. Gonzalo Pérez, ORDEN ESTUDIANTIL: Martina Pastorino, Martín Olivera, AFFUR - ISEF: María José Nieto, Actúa en Secretaría: Jefe de Sección de Secretaría de Comisión Directiva: Felicia Hernández, Director de Dpto.: Francisco Saldombide.        (Exp. Nº 008100-001071-15) - VISTO: la propuesta de homenaje efectuada en obrados respecto de la Profesora Irene PREOBRAYENSKY SMOLOVIK.
RESULTANDO: I) Que oportunamente se propuso por esta Dirección homenajear a la precitada Docente en ocasión de la inauguración de la nueva Sede ubicada en Malvín Norte.
II) Que según consta en obrados (fs. 6 y 7) Dirección General Jurídica efectuó determinadas observaciones respecto del presente trámite.
III) Que en tal sentido, las mismas consistieron en requerir una relación circunstanciada de méritos debidamente ampliada, debiéndose agregar los respaldos documentales pertinentes.
CONSIDERANDO: I) Que conforme emerge de fojas 8 se procedió a la agregación de la relación circunstanciada requerida, ampliatoria de la obrante de fojas 1 a 5.
II) Que asimismo, se agregaron los respaldos documentales correspondientes, los cuales dan cuenta de la dilatada trayectoria académica de la Prof. Irene Preobrayensky.
ATENTO: a lo dispuesto en la Ordenanza sobre homenajes a personas, de fecha 25/05/1951
la Comisión Directiva del Instituto Superior de Educación Física resuelve: proponer al Consejo Directivo Central, la colocación de una placa en la Sede ISEF Malvín Norte, en homenaje a la Profesora Irene PREOBRAYENSKY SMOLOVIK.
Pase al Consejo Directivo Central. (5 en 5)",23/03/2017,Noticia sobre el nombramiento http://www.universidad.edu.uy/prensa/renderItem/itemId/40215
Instituto Superior de Educación Física,ISEF Sede de Parque Batlle Prof. Alberto Langlade Montevideo ,Parque Batlle sin número.,Otro (Especificar),Gimnasio central del edificio ,Profesora Marta Büsch ,mujer,"Fuente: Torrón, Ana (2015) "" Gimnasia y Deporte en el Instituto Superior de Educación Física (1939 – 1973), su configuración y su enseñanza""  Tesis presentada con el objetivo de obtener el título de Magister en Enseñanza
Universitaria en el marco del Programa de Especialización y Maestría en Enseñanza
Universitaria del Área Social y de la Comisión Sectorial de Enseñanza de la
Universidad de la República.                                       ""Marta Büsch ingresó como estudiante al ISEF en 1950, realizando luego de su egreso, numerosos viajes de estudio. En el instituto fue alumna de Nelly Rey de Langlade y su continuadora al frente de la cátedra de Gimnasia Rítmica. Hay acuerdos en su formación en Alemania en la escuela de Medau, desde donde trajo numerosas innovaciones referidas a las técnicas específicas de la gimnasia moderna: “Ella se fue a Alemania en 1958-59, aproximadamente. Hasta ese momento hacíamos gimnasia neo sueca. Fue a la escuela de Medau y hubo que aprender el resorte, todo era con resorte, con aros, con clavas.” (E9). Otros datos afirman que previamente estudió en Suecia y luego es conocida su formación en Estados Unidos, donde obtuvo un título de maestría. En los años 80 fue la Directora General del ISEF y desde el año 2011 el gimnasio principal de la institución lleva su nombre."" (pág. 149)Fuente: Torrón, Ana (2015) "" Gimnasia y Deporte en el Instituto Superior de Educación Física (1939 – 1973), su configuración y su enseñanza""  Tesis presentada con el objetivo de obtener el título de Magister en Enseñanza
Universitaria en el marco del Programa de Especialización y Maestría en Enseñanza
Universitaria del Área Social y de la Comisión Sectorial de Enseñanza de la
Universidad de la República.                                       ""Marta Büsch ingresó como estudiante al ISEF en 1950, realizando luego de su egreso, numerosos viajes de estudio. En el instituto fue alumna de Nelly Rey de Langlade y su continuadora al frente de la cátedra de Gimnasia Rítmica. Hay acuerdos en su formación en Alemania en la escuela de Medau, desde donde trajo numerosas innovaciones referidas a las técnicas específicas de la gimnasia moderna: “Ella se fue a Alemania en 1958-59, aproximadamente. Hasta ese momento hacíamos gimnasia neo sueca. Fue a la escuela de Medau y hubo que aprender el resorte, todo era con resorte, con aros, con clavas.” (E9). Otros datos afirman que previamente estudió en Suecia y luego es conocida su formación en Estados Unidos, donde obtuvo un título de maestría. En los años 80 fue la Directora General del ISEF y desde el año 2011 el gimnasio principal de la institución lleva su nombre."" (pág. 149)","COMISIÓN DIRECTIVA DE ISEF
ACTA DE RESOLUCIÓN Nº 30
SESIÓN ORDINARIA 23/12/11
HORA 8:15


Siendo las 8:15 horas asisten a la Sesión: Lic. Ma. Cecilia Ruegger, Prof. Daniel Leite, Prof. Claudia Fernández, Prof. Ma. Rosa Corral,  Prof. Raumar Rodríguez, Br. Diego Brea,  Br. Nicolás Da Silveira
Jefe de Sección de Secretaría de Comisión Directiva: María Julia Buzaki

1.- Informes de Dirección

1.1.- Acto conmemorativo en el marco de los festejos por los 100 de la de la promulgación de la ley de creación de la Comisión Nacional de Educación Física (CNEF): Tuvo lugar el lunes 19 de diciembre de 2011 a las 19.00 hs en el ISEF en Montevideo coincidiendo con la entrega de títulos y reconocimientos institucionales.
El acto se inauguró con palabras de autoridades de la UdelaR (Luis Calegari, Pro Rector de Enseñanza), de la DINADE (Ernesto Irurueta, Director), del ISEF (Daniel Leite, integrante de la Comisión Directiva) y Cecilia Ruegger (Directora de ISEF). Acompañaron el evento el Pro Rector de Gestión Dr. Ricardo Roca, autoridades y docentes vinculados con la historia y el presente de la Institución.
Luego se hizo la entrega de un presente Institucional (Pin con el logo del ISEF) y una tarjeta a cada uno de los estudiantes de Tecnicatura y Licenciatura que se recibieron en 2011.
A continuación se hicieron reconocimientos entregándoles una plaqueta a personas que han tenido una trayectoria importante dentro del ISEF a nivel docente y de funcionarios así como a personalidades que han sido referentes en los diversos procesos Institucionales de las últimas décadas. Se asignó el nombre de Marta Busch al Gimnasio de ISEF con su correspondiente placa  como había resuelto Comisión Directiva.
El Director de la DINADE en nombre del Ministro de Turismo y Deporte hizo entrega de una medalla conmemorativa de los festejos del centenario y una colección de libros para la biblioteca del ISEF.
En la misma oportunidad se inauguró una exposición en la que se conjugan imágenes fotográficas (seleccionadas y cedidas gentilmente por la DINADE) así como productos de investigación en formato poster. La misma pretendió abordar el transcurrir de la CNEF y su relación con el ISEF en diversos aspectos
COMISIÓN DIRECTIVA DE ISEF
ACTA DE RESOLUCIÓN Nº 30
SESIÓN ORDINARIA 23/12/11
HORA 8:15


Siendo las 8:15 horas asisten a la Sesión: Lic. Ma. Cecilia Ruegger, Prof. Daniel Leite, Prof. Claudia Fernández, Prof. Ma. Rosa Corral,  Prof. Raumar Rodríguez, Br. Diego Brea,  Br. Nicolás Da Silveira
Jefe de Sección de Secretaría de Comisión Directiva: María Julia Buzaki

1.- Informes de Dirección

1.1.- Acto conmemorativo en el marco de los festejos por los 100 de la de la promulgación de la ley de creación de la Comisión Nacional de Educación Física (CNEF): Tuvo lugar el lunes 19 de diciembre de 2011 a las 19.00 hs en el ISEF en Montevideo coincidiendo con la entrega de títulos y reconocimientos institucionales.
El acto se inauguró con palabras de autoridades de la UdelaR (Luis Calegari, Pro Rector de Enseñanza), de la DINADE (Ernesto Irurueta, Director), del ISEF (Daniel Leite, integrante de la Comisión Directiva) y Cecilia Ruegger (Directora de ISEF). Acompañaron el evento el Pro Rector de Gestión Dr. Ricardo Roca, autoridades y docentes vinculados con la historia y el presente de la Institución.
Luego se hizo la entrega de un presente Institucional (Pin con el logo del ISEF) y una tarjeta a cada uno de los estudiantes de Tecnicatura y Licenciatura que se recibieron en 2011.
A continuación se hicieron reconocimientos entregándoles una plaqueta a personas que han tenido una trayectoria importante dentro del ISEF a nivel docente y de funcionarios así como a personalidades que han sido referentes en los diversos procesos Institucionales de las últimas décadas. Se asignó el nombre de Marta Busch al Gimnasio de ISEF con su correspondiente placa  como había resuelto Comisión Directiva.
El Director de la DINADE en nombre del Ministro de Turismo y Deporte hizo entrega de una medalla conmemorativa de los festejos del centenario y una colección de libros para la biblioteca del ISEF.
En la misma oportunidad se inauguró una exposición en la que se conjugan imágenes fotográficas (seleccionadas y cedidas gentilmente por la DINADE) así como productos de investigación en formato poster. La misma pretendió abordar el transcurrir de la CNEF y su relación con el ISEF en diversos aspectos
",19/12/2011,El nombramiento y colocación de la placa en el gimnasio de ISEF Montevideo con el nombre de la Prof. Marta Busch se realizó en el marco del acto conmemorativo de los festejos por los 100 de la de la promulgación de la ley de creación de la Comisión Nacional de Educación Física (CNEF).
Instituto Superior de Educación Física,Cede central Universidad Paysandú,Florida 1065,Salón de Actos ,Antiguo Ateneo/ Sede central del CENUR Litoral Norte,Maestro Hector Ferrari,varón,,Rastreando resolución.,01/09/2017,Noticia sobre el nombramiento http://www.cup.edu.uy/index.php/94-noticias/ultimas-noticias/2991-reinaguracion-sala-maestro-hector-ferrari-sede-paysandu-del-cenur-litoral-norte.html
Facultad de Medicina,Edificio Central,Facultad de Medicina,Salón de Actos,Salón,Tertulia,Masculino,,,,
Facultad de Medicina,Edificio Central,Departamento de fisiología,Salones comunes,Anfiteatro,Maggiolo,Masculino,,,,
Facultad de Medicina,Edificio Central,Departamento de anatomía,Salones comunes,Anfiteatro,Farabeuf,Masculino,,,,
Facultad de Medicina,Edificio Central,Facultad de Medicina,Sala de reuniones,Hall,Dra. Paulina Luisi,Femenino,,,,Centro coordinador nacional SciELO.UY
Facultad de Medicina,Edificio Central,Departamento de anatomía,Edificio,Instituto,Prof.Ernesto Quintela,Masculino,,,,
Facultad de Química,Anexo J.P. Sáenz,Isidoro de María 1614 ,Edificio,Edificio,José Pedro Sáenz,Masculino,Q.F. José Pedro Sáenz ex-decano de Facultad de Química en el período 1968-1972,Formal,01/01/2006,
Facultad de Química,Anexo Alpargatas,Isidoro de María 1614 ,Otro (Especificar),Planta baja ,Espacio AEQ,,-,Informal,01/01/2009,Espacio de estudio y uso de computadoras
Facultad de Química,Instituto de Química,Av. Gral. Flores 2124 ,Laboratorio,"Planta baja, en el ala derecha",Simón Dittrich,Masculino,"Fue un pionero de la cromatografía en Uruguay, y uno de los primeros impulsores de la investigación y la extensión como pilares de la vida universitaria. Fue decano de Facultad de Química en los años de escasez, pero también de esperanza, de la reapertura democrática (1987-1990), y uno de los “hijos” académicos del italiano Giovanni Marini Bettolo, de gran influencia en el desarrollo de la Química en Uruguay. En 1968 construyó el primer cromatógrafo de gases del país, y se vio a si mismo, no sin gracias o acierto, como el “loco de la cromatografía”, una actitud entusiasta que en 2013 le fuera reconocida con la creación de la Unidad de Cromatografía Experimental que lleva su nombre: Profesor Simón Dittrich. ",Formal,01/01/2013,
Facultad de Química,Instituto de Química,Av. Gral. Flores 2124 ,Salón de Actos,"Planta baja, frente a la puerta de entrada",Carlos Piriz McColl (o salón rojo),Masculino,I.Q. Carlos Piriz McColl ex decano de la Facultad de Química periíodos 1972-1973 y 1985-1986,Formal,01/01/2006,
Facultad de Química,Instituto de Química,Av. Gral. Flores 2124 ,Salones comunes,"Subsuelo, en el centro del edificio.",Salón de piedra,-,-,Informal,01/01/2008,
Facultad de Química,Instituto de Química,Av. Gral. Flores 2124 ,Otro (Especificar),Placa conmemorativa ubicada  en el hall del edificio.,Prof. María Antonia Grompone ,Femenino,"Investigadora y docente María Antonia Grompone (1943-2017), Ingeniera Química y referente insoslayable de la vida académica del país.  Fue hija de María Carbonell y de Antonio Grompone, abogado, escritor, educador, y figura ineludible del mundo educativo nacional, habiendo sido promotor de la fundación del Instituto de Profesores Artigas (IPA), y su primer director. María Antonia obtuvo su título de Ingeniera Química en el año 1975, al que le siguió su doctorado en Química, obtenido en 1983, cuya tesis de egreso, destinada al estudio de la isomería cis-trans de sustancias grasas y su aplicación en la industria, fue dirigida por el Dr. Patrick Moyna (más tarde decano de Facultad de Química en dos períodos consecutivos entre 1990-98).     La actividad académica de Grompone fue intensa y su presencia en Facultad de Química, decisiva para el avance y desarrollo de la institución. Prueba de ello es la creación a su cargo del Laboratorio de Grasas y Aceites del Departamento de Ciencia y Tecnología de los Alimentos (CYTAL), del cual fuera su directora como docente titular grado 5 de ese Departamento. En el año 2012 integró el Consejo Directivo Central de la Universidad Tecnológica (UTEC), cargo al que renunciara pocos meses más tarde por desavenencias de criterio. En el año 2013, y con motivo del Día Internacional de la Mujer, el diario El Observador la incluyó en su nómina de las cincuenta mujeres más relevantes del país.     Docentes, investigadores y personas ligadas a la vida institucional de Facultad de Química, todavía en actividad, retirados, con presencia dentro o fuera del país, han manifestado en estos días sus condolencias ante la pérdida. El martes 8, en la sesión del Consejo Directivo Central, el Rector de la Universidad, Dr. Roberto Markarian, la decana de Facultad de Química, María H. Torre, y demás autoridades, realizaron un minuto de silencio en recuerdo de esta ilustre representante del mundo de la ciencia y de la mejor tradición universitaria del país.  ",Formal,01/01/2018,
Facultad de Química,Edificio Central,Av. Gral. Flores 2124 ,Laboratorio,"Primer piso, al final del corredor del ala norte contiguo a los baños",Grignard,Masculino,"Victor Grignard nació el 6 de mayo de 1871 Cherburgo-Octeville estudió en la Facultad de Ciencias de la Universidad de Lyon. Alcanzó el grado de Doctor en Ciencias en 1901, siendo profesor de química en la misma universidad hasta 1909. De 1910 a 1919 enseñó en la Universidad de Nancy, volviendo nuevamente a la de Lyon, donde enseñaría de 1919 a 1935. Su descubrimiento más importante fue el de los compuestos organomagnesianos, llamados reactivos de Grignard. Este descubrimiento proporcionó a la química orgánica un método nuevo de síntesis que se conoce con el nombre de reacción de Grignard.  En 1912 fue galardonado con la mitad del Premio Nobel de Química por sus estudios en la química de los alcoholes mediante la reacción Grignard. La otra mitad del premio recayó en Paul Sabatier por su método de hidrogenación de compuestos orgánicos en presencia de metales.  El 7 de junio de 1926, fue elegido miembro no residente de la Academia de Ciencias francesa.  Bajo su dirección y con grandes aportaciones suyas, fue editado el Traité de chimie organique (Tratado de química orgánica, 23 vols., 1935-1954).

Durante la I Guerra Mundial fue movilizado y encargado de la vigilancia de las vías férreas, antes de participar en la búsqueda de gases militares (fosgeno y el gas mostaza) y explosivos.",Informal,,
Facultad de Química,Edificio Central,Av. Gral. Flores 2124 ,Laboratorio,"Primer piso, frente a la escalera del ala  norte, la puerta de la derecha, entrando hacia el fondo.",Akira,Masculino,"Suzuki nació el 12 de septiembre de 1930 en Mukawa, Hokkaidō. Estudió en la Universidad de Hokkaidō y después de recibir su doctorado, trabajó allí como profesor asistente. Desde 1963 hasta 1965, Suzuki trabajó como postdoctorado con Herbert Charles Brown en la Universidad Purdue y después de regresar a la Universidad de Hokkaidō se convirtió en profesor de tiempo completo allí. Con su retiro de la Universidad de Hokkaidō en 1994 asumió diversos cargos en otras universidades: de 1994 a 1995 en la Universidad de Ciencias de Okayama y de 1995 a 2002 en la Universidad de Ciencias y Artes de Kurashiki. Se le concedió el Premio Nobel de Química 2010, conjuntamente con Richard Heck y Eiichi Negishi.",Informal,,
Facultad de Química,Edificio Central,Av. Gral. Flores 2124 ,Otro (Especificar),"Placa conmemorativa ubicada en el ala norte del primer piso, sobre la pared del corredor de la derecha de la escalera, junto a la puerta del laboratorio.",Prof. Dr. Dr. hc. Theophil Eicher,Masculino,"En 1987 se establecen los primeros contacto con el DAAD (Deutche Akademischer Austaunch Dients) para la ayuda a la modernizacion y reorganización de la catedra de Química Orgánica de la Facultad de Química, La primera visita del Prof. Eicher fue en setiembre de 1988. Esa vista primera visita fua mas que nada de evaluación, y sentó las bases del programa académico para los siguientes años: 
1. reestructuración de los cursos prácticos y teóricos de todos los niveles de Química Orgánica, 
2. dictado de cursos de nivelación y especialización para docentes en Uruguay en visitas semestrales de cuatro semanas cada una. 
3. Formación de recursos humanos altamente especializados (nivel de doctorado) facilitando los laboratorios del Prof. Eicher en Alemania (Universidad del Sarre) y gestión de becas a través del DAAD. 
4. gestion de infraestructura para los laboratorios y cursos ( lo que termino en la donación de la GTZ por 235 000 marcos en 1989). En esta donación se incluyó. equipo de laboratorio, material de vidrio de laboratorio, libros y reactivos para reproducir las practicas que se llevaban a cabo en Alemania pero aqui en Montevideo. 
5. Mas adelante en 1994 gestionó una donación para el taller de vidrio de la Facultad de Química de material de vidrio. 
6. Ese mismo año fue su en octubre para una defensa de tesis de uno de sus estudiantes uruguayos que había completado el doctorado en Alemania bajo su dirección y también dictó un curso de especialización en heterociclos.  
Su área de investigación fue la química de ciclopropenonas y triafulveno, especialmente su uso como bloques de construcción de tres carbonos para la síntesis de sistemas carbocíclicos y heterocíclicos. También se dedicó especialmente a la síntesis de productos naturales y compuestos biológicamente activos de briófitas (un tipo de musgos) y sus derivados con especial énfasis en el desarrollo de métodos de síntesis estereoselectivas. 
Es autor de cientos de artículos científicos en el áerea y cuatro libros de textos relevantes en los cursos de química orgánica moderna 
-Reaktionen und Synthesen (con L. F. Tietze, 1991) 
-Chemie und Pharmazie für Naturwissenschaftler (con Dieter Hänssgen, 1997) 
-The Chemistry of Heterocycles (con S. Hauptmann y A. Speicher, 2003) 
- Reactions and Synthesis (con L. F. Tietze, U. Diederichsen y A. Speicher, 2007). 
En 2016 se colocara una placa conmemorativa en el Laboratorio de Práctico del referido Departamento (actual Laboratorio de Qca. Orgánica 103), denominando al mismo ""Laboratorio Prof. Dr. Dr. hc. Theophil Eicher” . ",Formal,01/01/2016,
Rectorado,Edificio Central – Rectorado,18 de Julio 1824,Salón de Actos,Sala de CDC,Sala Oscar J. Maggiolo,Masculino,http://historiasuniversitarias.edu.uy/biografia/maggiolo-oscar-julio/,Resolución del CDC,Resolución 90 de CDC de 14/04/1986 – Exp. 2626/86,
Facultad de Ingeniería,Edificio principal,Julio Herrera y Reissig 565,Otro (Especificar),,Rafael Laguardia,Masculino,Matemático Uruguayo que fundó el Instituto de Matemáticas,Formal ,01/01/1987,
Facultad de Ingeniería,Edificio principal,Julio Herrera y Reissig 565,Otro (Especificar),,Agustín Cisa,Masculino,Referente docente de Ing. Eléctrica de 50 anos de trayectoria,Formal,01/11/2008,
Facultad de Ingeniería,Edificio principal,Julio Herrera y Reissig 565,Salón de Actos,,Enrique De Martini,Masculino,Decano ,Formal,,
Facultad de Ingeniería,Edificio principal,Julio Herrera y Reissig 565,Biblioteca,,Félix De Medina,Masculino,Ingeniero,Formal,,
Facultad de Ingeniería,Edificio principal,Julio Herrera y Reissig 565,Biblioteca,,Eduardo García de Zúñiga,Masculino,Decano -  referente de la Ing. Civil,Formal,,
Facultad de Ingeniería,N/C,N/C,Otro (Especificar),,Nelson Landoni,Masculino,Ingeniero,Formal,,
Facultad de Ingeniería,Edificio Aulario,N/C,Otro (Especificar),,José Luis Massera,Masculino,Matemático ,Formal,,
Facultad de Ingeniería,Edificio principal,Julio Herrera y Reissig 565,Otro (Especificar),,Carlos Maggiolo,Masculino,Ingeniero,Formal,,
Facultad de Ingeniería,Edificio principal,Julio Herrera y Reissig 565,Otro (Especificar),,Oscar  Maggiolo,Masculino,Ingeniero - Rector UdelaR,Formal,,
Facultad de Ingeniería,Edificio principal,Julio Herrera y Reissig 565,Salones comunes,,Ricardo Pérez Iribarren,Masculino,Docente,Formal,,
Facultad de Ingeniería,Edificio principal,Julio Herrera y Reissig 565,Biblioteca,,Juan Raymundo,Masculino,,Formal,,
Facultad de Ingeniería,Edificio principal,Julio Herrera y Reissig 565,Otro (Especificar),,Julio Ricaldoni,Masculino,Docente que hizo aporte fundamenta a la ciencia de la ingeniería,Formal,,
Facultad de Ingeniería,N/C,N/C,Otro (Especificar),,Primo Roda,Masculino,Ingeniero Especializado en transporte,Formal,,
Facultad de Ingeniería,Complejo El Faro,Julio Herrera y Reissig 633,Otro (Especificar),,Henry Tejera,Masculino,Deportista - Director Técnico,Formal,,
Facultad de Ingeniería,Edificio principal,Julio Herrera y Reissig 565,Otro (Especificar),,Nelson Ventura,Masculino,Funcionario Técnico Electricista de amplia y valiosa trayectoria en el Instituto de Ingeniería Eléctrica,Formal,01/11/2008,
Facultad de Ingeniería,Edificio INCO,N/C,Biblioteca,,Juan José Cabezas,Masculino,Ingeniero - Docente que valiosos aportes a la Ing. en Computación,Formal,01/01/2015,
